variable,mean(|SHAP|),gain,cover
_BMI5,0.4054652452468872,5.59531613281056,1820.5206060221642
PNEUVAC4,0.32985928654670715,12.846042325915596,1781.0765857635718
GENHLTH_1.0,0.28215837478637695,40.14059751207777,8886.255854405557
WTKG3,0.21526402235031128,3.521861962639091,1576.7429995343302
GENHLTH_2.0,0.2131948173046112,16.100398372384085,1801.8063177358847
CHECKUP1_1.0,0.20554669201374054,34.9662346301382,1988.9442584703254
ALCDAY5,0.19551876187324524,4.949415528845838,1382.654001586607
GENHLTH_4.0,0.14072580635547638,11.945786315781893,2195.457221472953
RMVTETH4_0.0,0.1324472278356552,13.048407173750551,855.1168127340615
BLDSTOOL,0.129834845662117,8.876241955647693,633.937143534305
CVD,0.11989632993936539,14.255965004958805,1292.5419414526582
DIFFWALK,0.1187768429517746,38.50582512446966,1210.0799024226937
PERSDOC2_0.0,0.1144876554608345,9.482875153678762,2674.1247335508847
HTM4,0.11069826781749725,3.1136116992538274,1011.6044258317526
FALL12MN,0.09865128993988037,5.041124705149703,1147.139713901458
_RACE_1.0,0.09479456394910812,6.4478956497765125,950.1655808095633
MAXDRNKS,0.08981360495090485,3.7610412808346383,1450.1755638497496
_DRNKWEK,0.08584394305944443,4.695593850041886,953.8611579718197
SLEPTIM1,0.08089165389537811,3.085078253965251,909.1703508435561
POORHLTH,0.0768786296248436,2.952003714305203,451.13659912933116
PHYSHLTH,0.07450364530086517,3.176741184456035,499.4075329468329
CHCKDNY1,0.0743606761097908,15.179531552256764,3937.007527584933
_AGEG5YR_1.0,0.07248582690954208,23.20760570576666,10123.230021103001
DRVISITS,0.07204023748636246,3.635272966018023,3259.2927285672736
FLSHTMY2,0.07178061455488205,3.1599288719817697,894.3596204934101
NUMADULT,0.06921842694282532,3.2340801607764496,983.4159490085988
GENHLTH_5.0,0.06894095987081528,13.913389476182786,4028.300399279263
LASTDEN4_1.0,0.06555237621068954,3.063604640799158,1072.769514827912
MENTHLTH,0.06551992148160934,2.991532325629625,713.3260929823872
HIVTSTD3,0.0645492672920227,3.5921138553747305,3357.068355572336
HIVTST6,0.0639842301607132,3.1896235608118397,647.0193248660614
SEX1,0.06257682293653488,6.010029962608789,1811.1317047725277
EMPLOY1_7.0,0.060446616262197495,5.766251677800947,599.2939890018482
_DRDXAR1,0.06036955490708351,3.939788644025877,978.0488663526148
GENHLTH_3.0,0.05995365232229233,9.096835536537663,500.4063014599676
EXERANY2,0.05994339659810066,3.235672638961736,866.0825529131598
_AGEG5YR_11.0,0.05988089740276337,3.718586874731821,1649.3718474618183
HPVTEST,0.05569535121321678,2.936674988351234,781.6529411744968
MEDSCOS1,0.05343345180153847,4.56519392810909,5999.37085549182
DRNKDRI2,0.051643431186676025,9.450966095292593,5385.633814688026
CPDEMO1B,0.04996710643172264,3.0515173640487494,796.6438164574664
NUMHHOL3,0.04966019093990326,3.1123449639899987,526.1489652763332
CHILDREN,0.04644295573234558,3.575712928110341,1853.5768360582515
RMVTETH4_1.0,0.045471690595149994,3.6209944356139614,466.65077019201254
AVEDRNK2,0.044623710215091705,3.178675412945594,775.6857389408026
DRNK3GE5,0.04385096952319145,3.367590615851323,1883.8589418783606
FALLINJ3,0.04372333735227585,3.2924949072013794,1178.011258181363
COPDSMOK,0.04331415891647339,3.424721140204447,2207.3652861465966
_RFPSA22,0.04326919838786125,3.6757261821314122,1109.173799156335
_AGEG5YR_2.0,0.04199058935046196,9.195411694757572,6798.765969292422
IMFVPLAC_1.0,0.04129397124052048,3.947995413732123,738.2651640405703
_AGEG5YR_9.0,0.041042063385248184,3.5399481145394374,1983.897544650281
_MAM5022,0.040360286831855774,3.506591110054739,1234.6636143076314
ECIGARET,0.038975201547145844,3.007701594330959,309.3048510658724
EDUCA_6.0,0.03887959569692612,3.406266807260318,573.3956495430557
LANDLINE,0.038660045713186264,3.030441728732698,335.7848817828571
RENTHOM1_2.0,0.03816276416182518,2.8027440261261143,883.1591875061144
LASTSMK2_7.0,0.03769414871931076,3.574361609573332,806.1166546627337
_COL10YR,0.03716054558753967,3.1805374080593873,485.614472843379
EMPLOY1_1.0,0.03714153543114662,3.571890716686249,513.7621468306663
_AGEG5YR_10.0,0.036931682378053665,3.476612547568494,1366.6543947696587
CHECKUP1_4.0,0.03618032857775688,5.010290451454546,7264.607058675756
CHECKUP1_2.0,0.03498997539281845,4.104734267118645,3897.424762164069
_RFBLDS3,0.03471505641937256,3.9322587801730076,469.06641434146013
CHECKUP1_3.0,0.0341065376996994,3.2158795175714285,14947.627069689048
BLIND,0.03364761173725128,4.253585350571428,1629.5938373226622
CHCCOPD1,0.033460453152656555,3.8166435970612267,1764.96415397801
MARITAL_1.0,0.03319321572780609,3.0387986025406364,357.0651843427561
PSATEST1,0.032835617661476135,3.703568769211074,751.5329247958191
STOPSMK2,0.03268967196345329,3.8721633252483487,989.7276658531414
_RFMAM21,0.032368484884500504,3.3475182374139725,541.3507720056251
_METSTAT,0.03227021545171738,2.9838860424259805,355.7077832896374
MARITAL_3.0,0.031633563339710236,3.0597981736643836,1023.8939318704101
_AGEG5YR_3.0,0.03140362352132797,4.702071642142856,3957.171989580203
FLUSHOT6,0.03098313882946968,3.8646173067495497,860.2440672021175
EDUCA_5.0,0.030853481963276863,2.7919177174227934,328.321409803771
CHCSCNCR,0.03072536364197731,3.5383285089023535,2094.223611940706
HADHYST2,0.030658986419439316,2.925136097103185,439.8982188870064
HADSIGM3,0.03049120120704174,3.1802183976192,531.7977784544396
_SMOKER3_4.0,0.030120568349957466,2.8456324936658026,472.5178864582545
_AGEG5YR_12.0,0.029948865994811058,3.4352184060388367,2853.1282846050476
_CHISPNC,0.029692066833376884,3.210921507221838,2561.807917611034
INCOME2_8.0,0.02952129952609539,3.6687073261329535,677.3970857080111
_RFPAP34,0.029393279924988747,3.236828482967848,587.2103757800422
HADPAP2,0.02938525378704071,4.574288115258974,1310.8282062475223
VETERAN3,0.029099691659212112,3.2128212320389484,1238.0938052753156
_URBSTAT,0.02906319685280323,2.9343316872447303,683.8078037288285
EDUCA_4.0,0.02897028997540474,2.616962188579747,582.2722795857803
HIVRISK5,0.028443515300750732,4.644140571847619,2767.2350073242865
PCPSARE1,0.02830692194402218,3.537733185551769,527.9640001771681
SO_2.0,0.027636203914880753,2.625666816143499,404.3895717526
PCPSAAD3,0.02742767706513405,3.2608723669000024,483.62766279457117
DEAF,0.027323653921484947,3.4309285618781233,799.5119061008597
TRNSGNDR_4.0,0.027107082307338715,3.0917239776333343,153.82956649126447
LASTPAP2_1.0,0.026700081303715706,3.2862934591388417,1093.1355830833884
CHCOCNCR,0.026689033955335617,3.8654560892895793,1454.0054544036752
MEDCOST,0.026550287380814552,3.7993070199470163,1234.3068557314184
LASTDEN4_3.0,0.025743596255779266,3.1238661255563107,2311.540468295146
_RACE_2.0,0.02556527778506279,3.6919163446515384,860.8207129828462
DIFFALON,0.025218021124601364,3.0908997879696436,1508.999369412201
MARITAL_5.0,0.025180820375680923,3.4581566529127508,1479.13645729537
_RACE_8.0,0.024615054950118065,3.4597845352747254,2200.0256597361536
HADMAM,0.024502824991941452,3.1118426732985704,877.1146000006431
PERSDOC2_1.0,0.02400161884725094,3.0140623929488783,385.2401578663483
ADDEPEV2,0.02377306856215,2.8902966726418104,988.8156514197843
COPDBRTH,0.023724621161818504,3.69783102339754,1541.2626173237693
_FS5YR,0.023493267595767975,3.191258528424498,1079.75356095065
EMPLOY1_2.0,0.023424655199050903,3.83230562709804,2329.8547823871563
PSATIME_1.0,0.023372603580355644,3.022255231381394,2145.781112725232
PCPSADI1,0.02304656058549881,3.703939291192307,1093.8720057436058
RCSGENDR,0.022867513820528984,3.3945818094434426,1228.1665988182792
HADSGCO1,0.022797267884016037,2.958747160112805,895.6258555316475
PREGNANT,0.022717835381627083,3.9135611843855433,2752.70522047012
SMOKDAY2_3.0,0.02247047796845436,2.8712283603985287,279.73715735323526
DECIDE,0.022324198856949806,2.988813035441818,913.1657879040446
_CRCREC,0.02224581502377987,3.58432453549785,350.0398143944086
_AGEG5YR_8.0,0.022119350731372833,3.2803218634500007,847.1127319395538
DIFFDRES,0.021425463259220123,3.4259525858891293,2751.55051474
MSCODE_5.0,0.021115245297551155,2.994889034929134,615.9294533581889
IMFVPLAC_5.0,0.021012475714087486,3.3607571570226584,1167.5303326941403
_CRACE1_1.0,0.02083870954811573,3.9297733807209303,3044.505323162326
RENTHOM1_1.0,0.020786793902516365,2.859434767049056,501.31811446896234
LASTDEN4_4.0,0.020721904933452606,3.554774923637499,747.6856775748809
_STATE_36.0,0.020648060366511345,3.3518879281448255,1280.472898654483
PERSDOC2_2.0,0.02063746005296707,3.8048948899166626,1177.515481067778
_ASTHMS1_1.0,0.020632756873965263,3.223964943776223,1102.5881122779028
INCOME2_7.0,0.02031395584344864,3.7032930395527406,987.6502627549997
_HFOB3YR,0.02022242546081543,3.1419602516946754,587.2439979660945
SEATBELT_1.0,0.020157858729362488,3.2381999544357134,390.2358874409285
LASTSIG3_1.0,0.019896790385246277,3.1370659049198726,1103.7537637390383
CASTHDX2,0.01982736587524414,3.8741930018939748,1394.958276630722
MARITAL_2.0,0.019591962918639183,3.527547398129212,599.0453313037638
_AGEG5YR_13.0,0.019518064334988594,4.787840227534678,1396.1974446010488
NUMPHON3,0.019012438133358955,3.1603645283945636,2192.522885653884
COPDBTST,0.018759677186608315,3.471692193040541,797.1838787008783
_BMI5CAT_3.0,0.018428057432174683,2.9171223979415384,196.10965258146152
LASTDEN4_2.0,0.018266992643475533,3.346401923852175,921.4870850298258
_RFBING5,0.017607348039746284,3.6575509453478263,2284.914602583043
EMPLOY1_8.0,0.017581332474946976,3.2370236190416657,1243.015035804
HOWLONG_1.0,0.017392553389072418,3.1088100901469713,537.2532236813634
INCOME2_6.0,0.017078645527362823,3.4793084785633837,670.7500685037319
SEATBELT_2.0,0.017037974670529366,3.3718446412533347,2282.9015944364005
LASTSIG3_5.0,0.016822226345539093,3.3516899290288467,1162.6884331471153
_RACE_4.0,0.016706272959709167,5.788590868093024,4983.152902658139
RMVTETH4_3.0,0.016661999747157097,3.5960556490065345,318.5301192868626
MSCODE_1.0,0.016088305041193962,3.1358867504696986,1082.427739333939
LASTPAP2_3.0,0.01608281023800373,3.550820289121212,2920.7224380256057
INCOME2_5.0,0.016064375638961792,3.2969270639931496,1091.369752606096
_AGEG5YR_4.0,0.015999745577573776,3.6722974719318184,3430.045720888182
HLTHPLN1,0.015896331518888474,3.8899100681681413,1981.4147935213273
LASTPAP2_5.0,0.015883786603808403,3.125356534013847,831.5486338264618
RMVTETH4_2.0,0.01579420641064644,2.8943657762872337,173.42924257436172
LCSLAST,0.015700118616223335,3.0236257885313305,5269.274245053513
IMONTH_b'02',0.015686767175793648,3.7127237812879987,756.1286602141597
_AGEG5YR_7.0,0.015482231043279171,3.961514892892475,1420.4506445496775
IMONTH_b'11',0.014943363144993782,3.4229936004489803,1673.840967815408
LASTPAP2_2.0,0.014931708574295044,3.4058384175164838,1460.3106444503298
IMONTH_b'08',0.014888844452798367,3.5549163847310927,1571.8057271284874
_ASTHMS1_3.0,0.0148550970479846,3.389358327712418,444.2044816258822
IMONTH_b'03',0.014810231514275074,3.4497652046413236,1233.8626948274382
COPDCOGH,0.014657491818070412,2.8573776202977617,760.8408934145526
INCOME2_3.0,0.01465126033872366,3.459248027791665,965.8528041725
IMONTH_b'12',0.014538896270096302,3.5653158925849087,1058.6583978526412
HOWLONG_2.0,0.014500117860734463,3.36777729665,1403.3840660557494
IMONTH_b'05',0.014417565427720547,3.376416491425196,1105.0869868426767
IMONTH_b'06',0.014339612796902657,3.336708278778691,719.1033334790164
LSTBLDS3_5.0,0.014236288145184517,3.5722246788053105,1378.2157340114163
IMONTH_b'10',0.013922590762376785,3.3306510457499994,698.4853453942648
IMFVPLAC_8.0,0.013880717568099499,3.682978592454545,4416.413269804546
LASTSMK2_5.0,0.013823464512825012,4.283478154953489,2897.38322099279
INCOME2_4.0,0.013554401695728302,3.6866474649646035,839.7028654295574
IMONTH_b'09',0.01337345875799656,3.637957856486239,887.8638861655045
IMONTH_b'07',0.013370816595852375,3.5016061789716977,1003.1096742254713
SMOKE100,0.013316713273525238,3.1817607027478183,270.4749489004587
IMONTH_b'01',0.013045012019574642,3.6617679192337658,1117.186066370909
MSCODE_3.0,0.013025078922510147,3.4629769879966106,1679.4877639729007
EMPLOY1_5.0,0.012858065776526928,4.4795588922368434,1034.7148200822367
IMONTH_b'04',0.012721780687570572,3.778255701467291,431.98159473981303
MEDBILL1,0.012687710113823414,3.5789538877260267,1471.860293793151
LASTSIG3_3.0,0.012452526949346066,3.4807490008347832,775.4679778131303
_AGEG5YR_6.0,0.012393349781632423,3.3265740485207784,1286.1015433559744
_FOBTFS,0.012387344613671303,2.857014363738636,797.0425053502272
PCPSARS1_1.0,0.012283631600439548,3.289678483308411,602.2464073105609
LASTSIG3_4.0,0.01221549790352583,3.209057379937208,270.7010110731007
LASTSIG3_2.0,0.012191548012197018,3.232849643173915,946.4643904706955
IDAY_b'08',0.012010700069367886,3.9204663353623173,1663.9197264246382
_STATE_8.0,0.01180511899292469,3.2612754652777785,5610.499811472223
_RFDRHV6,0.011693882755935192,3.978182311850001,664.0494146341666
COPDFLEM,0.011685679666697979,3.339334194411112,1301.1392556857775
IYEAR_b'2018',0.011181281879544258,2.89862864725,3451.021313103655
MEDICARE,0.010974285192787647,3.605948343862501,785.3879244898751
IDAY_b'15',0.010709725320339203,3.9986358739130434,2625.7382486449274
MSCODE_2.0,0.010673598386347294,3.416792941446428,1106.034138204553
_STATE_27.0,0.01043129526078701,3.742644269415587,2069.134734682207
SMOKDAY2_2.0,0.010358118452131748,3.6012016653749996,2611.8303325365
EMPLOY1_6.0,0.010321076028048992,3.310897245307692,5310.161246878461
LCSFIRST,0.010245281271636486,3.117149003332968,4872.644794608131
IDAY_b'07',0.010114822536706924,3.7145960774500013,1712.8524482987498
_STATE_24.0,0.010007688775658607,2.6956261962500006,2692.359008696154
MARITAL_6.0,0.00990001205354929,4.464094462428572,3788.1480521988565
_STATE_49.0,0.009825876913964748,3.817515554134615,2751.7207458961543
USENOW3_3.0,0.009802346117794514,3.590239256083333,1965.0905224925
HLTHCVR1_3.0,0.00977685023099184,3.2190962198837223,2097.235680181162
HPLSTTST_1.0,0.009707950055599213,3.9327028185909105,1738.4989468172728
HLTHCVR1_1.0,0.009703176096081734,3.919033571272728,2029.5141045075
LSTBLDS3_1.0,0.00960740726441145,3.3085771747356336,742.5083753988505
IDAY_b'10',0.00935846846550703,3.8309987968028176,1656.1500297559155
IDAY_b'12',0.009355313144624233,3.6162435403965527,2966.100136801725
IDAY_b'05',0.009333066642284393,3.949840145187499,1486.3576706341253
IDAY_b'09',0.009311062283813953,3.2810116948870953,2210.6635980451606
IDAY_b'14',0.009288676083087921,3.4530113654285706,2364.5578783232145
EDUCA_3.0,0.009198297746479511,3.30509459653846,1026.537703591868
_STATE_39.0,0.009171959012746811,3.295149991913792,2593.4422981365515
INCOME2_2.0,0.009067797102034092,3.4171480257037037,1124.0905041217286
LCSNUMCG,0.009063190780580044,2.975399759273583,4302.826843366478
IDAY_b'23',0.009046736173331738,4.015561133607143,2059.0355800607135
CNCRAGE,0.008996522054076195,2.7032878722823526,7699.917810261177
_STATE_48.0,0.008990990929305553,3.673701429400001,3765.2830168068585
_STATE_21.0,0.008912044577300549,4.049496425888889,4168.28338488889
HPVADVC2_2.0,0.00890702847391367,3.273654903548388,3402.799427407419
IDAY_b'26',0.008780823089182377,3.797786064338983,2977.317933557627
IDAY_b'22',0.008739021606743336,4.181444913548386,1765.464451185485
IDAY_b'21',0.008608570322394371,3.628325338645834,2629.4785898187506
_STATE_12.0,0.008598202839493752,3.5774186335873024,1662.3462586647618
IDAY_b'03',0.008585340343415737,3.8302661445932196,2218.1233802711863
_STATE_53.0,0.008578632958233356,4.169274122704544,2402.9142586840903
_STATE_31.0,0.008562137372791767,3.8392943356250004,2311.997487423542
HOWLONG_5.0,0.008546614088118076,3.64067456420339,1658.0225917315256
SMOKDAY2_1.0,0.008543023839592934,3.455016158511375,816.658771386125
_STATE_35.0,0.008518842980265617,2.8302440219157896,8236.929541003685
IDAY_b'11',0.008505511097609997,3.806540409276924,1195.7974313458462
NUMBURN3,0.008488931693136692,3.0320340760144933,4796.560704831447
_ASTHMS1_2.0,0.00847013108432293,4.112262779711866,1716.8640028167804
SHINGLE2,0.008460132405161858,3.7008801945102037,2024.9324833601022
_STATE_23.0,0.008410688489675522,4.1217206505714294,1579.812737228571
IDAY_b'17',0.008377842605113983,4.04249762775862,2055.346197360345
_STATE_4.0,0.008365113288164139,4.3795643724146345,3887.0725496585364
STATERE,0.008221384137868881,4.13441423892683,3473.901711160975
LASTPAP2_4.0,0.008221302181482315,3.6622021767941173,2094.668757540441
_AGEG5YR_5.0,0.008092916570603848,3.3189618195652186,1977.7796820126086
HOWLONG_3.0,0.008089406415820122,3.402441516260869,1939.569205431739
IDAY_b'06',0.007993063889443874,3.777257035701492,1354.8574089014928
IDAY_b'04',0.007979136891663074,3.929999371710148,1675.3627559014494
IDAY_b'20',0.00795543659478426,3.951143638800001,1859.062728935999
RENTHOM1_3.0,0.007953849621117115,3.4485006349112894,1103.0902071464518
_STATE_45.0,0.00793138425797224,3.571882330787233,3060.7105532206388
_STATE_55.0,0.007908840663731098,3.6015214880555555,8038.5796441444445
IDAY_b'16',0.007772126235067844,3.9798710469846172,1752.7106867070768
IDAY_b'19',0.0077439481392502785,3.4839687423076917,1614.6558383061542
CARERCVD_1.0,0.0076790861785411835,3.280707682296296,537.1995782916667
_STATE_19.0,0.007640255149453878,3.2650618670769216,4513.66752770513
_RACE_3.0,0.007595316506922245,4.89472062388,7853.9999957268
LCSCTSCN_2.0,0.007412077393382788,3.715501346753244,562.4607439277921
_STATE_15.0,0.007402887102216482,3.671816276708333,6135.8115889858345
RCSRLTN2_1.0,0.007380826398730278,3.582463891078946,508.8771142068422
PCPSARS1_2.0,0.007377055939286947,4.011011854826087,6363.56045403913
IDAY_b'18',0.007370304316282272,3.5422002476119396,1266.4714116343282
CIMEMLOS,0.007319851778447628,3.4247108537560975,3486.507313960976
IDAY_b'24',0.007255985401570797,3.996798846411765,3180.6079206647055
SEATBELT_3.0,0.007213511038571596,4.112527867971427,2723.2685387600004
IDAY_b'29',0.007208362687379122,3.8143856241851863,2893.351600855556
ECIGNOW_2.0,0.007133094593882561,3.0668027405625002,8791.42236761875
IDAY_b'02',0.007103989832103252,3.681059583623189,670.5518960971015
ECIGNOW_3.0,0.007103248964995146,3.409565081382352,340.54027530926464
EDUCA_2.0,0.007041004952043295,4.176722677147541,1207.7896646486886
PSATIME_3.0,0.00696595711633563,2.5302655137058827,11019.0829864
IDAY_b'13',0.006932311225682497,3.5655239909090906,1753.6365121727272
_STATE_6.0,0.006904139649122953,3.8640471068793123,2485.5731106258627
TETANUS1_4.0,0.006862116977572441,4.251340533875,3865.1684812078124
_STATE_9.0,0.006764302495867014,3.7617942457551026,2088.620072841633
IMFVPLAC_3.0,0.006746854167431593,3.4484664943500003,1167.771557684333
_STATE_20.0,0.006739900913089514,3.871695402535715,2320.8255388696425
LASTSMK2_6.0,0.0067328792065382,5.141142610465115,1535.0909533737215
_STATE_51.0,0.006700923666357994,3.5799743223157896,2615.6877747315793
IDAY_b'27',0.006616777274757624,3.781468665,1671.095275722222
IDAY_b'25',0.006614472717046738,3.0003023855769246,1330.539471403846
_STATE_50.0,0.006588522344827652,3.6958261671785704,4489.832728621429
_STATE_18.0,0.00655954098328948,3.5059249044117644,5130.172127464412
INCOME2_1.0,0.006544623989611864,3.9506638761641795,1016.0842113022387
_STATE_13.0,0.006543547380715609,4.287889857500001,2392.846619997188
LASTSIG3_6.0,0.006518111564218998,3.7573867188499994,650.8552724896667
IDAY_b'01',0.00648183049634099,3.7563775310156253,1383.9416160046878
IDAY_b'28',0.006463308818638325,3.8441728930208328,2866.520036852084
LASTSMK2_1.0,0.006416983436793089,3.617160397142857,14079.856758
HPLSTTST_5.0,0.006373596843332052,3.6309291052325587,1925.358697387442
PSATIME_2.0,0.006301389541476965,3.2896140639245277,2340.49033659132
LSTBLDS3_2.0,0.00629100576043129,3.4512849546199993,2290.9098797319994
CARERCVD_2.0,0.0062414794228971004,2.9870077143543483,1819.7392625439127
HPLSTTST_2.0,0.006088458467274904,3.7359966496857138,3112.7306664114285
HOWLONG_4.0,0.006024399306625128,3.959047196157896,3346.9383668742116
RCSRLTN2_2.0,0.006011898163706064,4.119669675000002,5508.965766591903
_STATE_56.0,0.006011885590851307,2.5375269768076922,6476.323132200001
MARITAL_4.0,0.005803754553198814,3.892444375911766,2935.07834482353
LSTBLDS3_4.0,0.005793794058263302,3.5300105921960796,2399.754583566666
_STATE_26.0,0.005658215377479792,3.2476085800526318,1840.9071001289478
PSATIME_5.0,0.005650571547448635,3.743104501234041,3438.8141239702136
NOCOV121,0.005533524323254824,3.5706180589642864,3818.1222497803574
USENOW3_1.0,0.005465795285999775,3.479012865360001,4922.525492212
_STATE_38.0,0.005443759728223085,3.990775091153846,2893.637419223077
IMFVPLAC_6.0,0.005420744884759188,3.2649917664545454,3159.816409912726
LCSCTSCN_3.0,0.005398308392614126,3.7327433903250005,2635.2780664384995
_STATE_46.0,0.005393283907324076,3.6796227617241373,2833.93168799862
IDAY_b'30',0.005347187630832195,3.1825191567179485,2673.703957189743
PROFEXAM,0.005111941136419773,3.789867334048781,4876.757667233171
PCPSARS1_5.0,0.005081796552985907,3.5432102150810802,3148.055522751353
EMPLOY1_4.0,0.005032453685998917,3.472658600848485,2726.393240870909
_STATE_1.0,0.005021181423217058,4.516464830678571,4201.332572482143
DELAYME1_8.0,0.004981489386409521,3.2885713487837838,187.62761762702704
_RACE_7.0,0.004974536597728729,3.979625819999999,3044.130115833334
LSTBLDS3_3.0,0.004873570520430803,3.564071566886365,2719.6978805090907
SEATBELT_5.0,0.0046641225926578045,4.575795950951218,2368.272709873171
_STATE_72.0,0.004637823905795813,4.517469223458335,4714.766632524999
_STATE_17.0,0.0045620533637702465,3.5945439245384603,2258.8377500897427
LASTSMK2_4.0,0.004536688327789307,3.050286118555556,8839.402509090556
_STATE_30.0,0.004533909261226654,3.490607323583333,5832.783207429166
TETANUS1_1.0,0.004452739842236042,3.2952363451111117,2242.3124333385194
CASTHNO2,0.0044362833723425865,4.5866989790416675,9567.379556445832
_RACE_6.0,0.004422510042786598,3.1954744320625004,8067.980089562499
_STATE_5.0,0.004319081082940102,3.5905681704571433,2773.4886078828563
TETANUS1_3.0,0.004276113118976355,3.4864399925000003,1742.5736848926472
EMPLOY1_3.0,0.004186372738331556,3.71044532263889,2689.1187463750002
USEMRJN2_1.0,0.0041726441122591496,4.0615050565,6908.853632425
_STATE_11.0,0.004041582345962524,3.516932093260869,6970.733434243478
_STATE_32.0,0.004014069214463234,3.0910657437777775,7350.639778849999
USENOW3_2.0,0.0038353733252733946,3.4567586749999992,3810.404213318181
_STATE_40.0,0.003819567384198308,3.0460936950909088,2699.288872987879
SLEPDAY1,0.0037847652565687895,1.7780820315555554,15153.26948547111
_STATE_25.0,0.0037718238309025764,3.340614132499999,2710.01530704375
_CRACE1_2.0,0.0037295569200068712,3.7817393686363645,4217.439827908636
PSATIME_4.0,0.0037241210229694843,4.085231853925926,2945.740281811112
_STATE_42.0,0.003687672782689333,3.795245951481481,3381.485167674074
_STATE_44.0,0.0036835249047726393,3.308328569545455,3738.0576374181824
_STATE_33.0,0.003651718143373728,3.3875778596153863,3077.3963584153853
HPLSTTST_4.0,0.003615314606577158,3.4447413381000005,4416.826992724999
LENGEXAM_1.0,0.0035950953606516123,3.6047531874782606,3982.240055802608
_STATE_29.0,0.003565747058019042,3.7500571129583338,3361.0256230545833
PCPSARS1_4.0,0.0035389254335314035,3.13639914773913,7123.985807431739
PCPSARS1_3.0,0.003499649465084076,3.4658774943043476,4106.489487843479
INDORTAN,0.0034533862490206957,3.406999472666667,12813.304199959997
HPLSTTST_3.0,0.003453047713264823,3.2316268731904763,3172.3065263
ADSLEEP,0.0034255273640155792,2.402749392114286,8949.989824815717
SO_3.0,0.003419257467612624,4.348660268538461,5205.703137496153
_STATE_37.0,0.003359741298481822,3.581633809870968,3478.752400009678
_STATE_10.0,0.003326026489958167,3.8605014488235296,3130.9285653100005
_BMI5CAT_2.0,0.003316572168841958,2.620612236863636,45.57939426818182
HLTHCVR1_2.0,0.0033148210495710373,2.685212950235294,5222.36256328706
IDAY_b'31',0.003275160677731037,3.8513478319999996,3150.4621916866663
_STATE_41.0,0.0031541825737804174,3.6138582671600004,4673.098254708
SLEPSNO2,0.0031376266852021217,3.0881009672,13050.776764384
_STATE_2.0,0.003137519583106041,3.9802193917222235,7033.695959050001
SUNPRTCT_1.0,0.0029108854942023754,3.0087998417500006,7165.896942678333
_STATE_22.0,0.002876593265682459,3.267193583809524,4264.7717413438095
CSRVDOC1_2.0,0.0028557186014950275,1.9696739529090912,11700.609342293637
_STATE_28.0,0.0028535444289445877,3.443372391624999,3852.3847022
IMFVPLAC_9.0,0.0027713533490896225,3.553680515583333,3748.841117483333
LASTSMK2_3.0,0.002758060349151492,2.6390887095999997,14748.8416712
DELAYME1_2.0,0.0027040268760174513,2.8757324566666664,10858.064898119166
CSRVSUM,0.0026690408121794462,2.8281673906666667,6083.582834456667
IMFVPLAC_11.0,0.0026346021331846714,1.5144813223749998,16781.69818125
PVTRESD,0.002612077398225665,1.7273394210000004,18209.773694
CHECKUP1_8.0,0.002588060451671481,1.748776122375,14071.847577375
RCSRLTN2_5.0,0.002553338650614023,3.0822695143999996,9747.2445263
HLTHCVR1_4.0,0.0025107001420110464,4.091903743888889,4580.031877668889
CELLFON5,0.002451549284160137,3.070583922958333,35.624288807499994
SO_4.0,0.00240113097243011,3.8108898187222215,5746.909256666666
LASTDEN4_8.0,0.002397961216047406,3.5534731413500005,6644.37722165
SO_1.0,0.002386106876656413,2.9524869874999995,8596.143305357144
CARERCVD_3.0,0.0023448430001735687,4.128509406499999,9486.654890737002
ECIGNOW_1.0,0.0023187913466244936,3.8447125145384615,6131.220259846154
SEATBELT_4.0,0.00227671698667109,3.6483787866086965,2562.8982794860876
IMFVPLAC_2.0,0.002228542696684599,4.678410298750001,3097.05318898125
WKDAYOUT_5.0,0.002138249110430479,3.0843235929999993,16424.6143407875
_RACE_5.0,0.0021366646979004145,2.718422518,9256.835516784999
_STATE_16.0,0.002119270386174321,3.6633913332380947,4206.330898985714
CSRVRTRN,0.002107270760461688,3.2626585454357135,9512.459154423574
WKDAYOUT_7.0,0.0020485385321080685,2.2865816275714286,14280.34104285714
DELAYME1_5.0,0.002012611133977771,3.335679989307692,6694.270879700769
_CRACE1_3.0,0.002011769451200962,4.35566599625,10032.92097126875
WKENDOUT_1.0,0.0020016110502183437,4.376430295555555,3598.4780131666657
SUNPRTCT_3.0,0.00200007320381701,2.5297071544444445,8153.012038788887
SUNPRTCT_5.0,0.0019362298771739006,3.0022192000000003,6774.68384327
RSNMRJN1_2.0,0.0019093313021585345,2.6516749267142856,13876.811758857142
WKDAYOUT_3.0,0.0018650825368240476,3.4477981423076924,5087.956343702308
_CRACE1_7.0,0.0017597849946469069,4.369174823666666,4131.3312715249995
_STATE_66.0,0.0017388910055160522,6.919196100000001,11368.83350994
_CRACE1_6.0,0.0016387635841965675,2.3045353514999998,13759.578270000002
LASTSMK2_2.0,0.0016283869044855237,3.41505902275,8633.9651725
DELAYME1_6.0,0.0016087193507701159,4.140206445363637,3313.313022147272
HLTHCVR1_7.0,0.0016069828998297453,3.737218412857143,9733.277454971429
WKENDOUT_4.0,0.0016066816169768572,4.404080722222222,4309.792037411111
HLTHCVR1_5.0,0.0015760971000418067,3.357976423,8247.57226988
TETANUS1_2.0,0.0015710920561105013,2.873559475090909,5757.729499527273
CSRVCLIN,0.0015058572171255946,3.4852931500000004,5611.888965408
WKDAYOUT_1.0,0.0014899538364261389,2.52366451082353,4724.750206820588
USEMRJN2_4.0,0.001463649095967412,2.4301126033333333,29236.0065
SUNPRTCT_2.0,0.0014585362514480948,2.464432174933333,4059.085830818001
RSNMRJN1_3.0,0.0014541184064000845,2.4082840951428572,7731.148446085715
WKENDOUT_5.0,0.0013864486245438457,3.1821278084999998,6005.54676883
WKENDOUT_2.0,0.0013694625813513994,1.656189396625,10163.20431757
SLEPBRTH,0.0013682082062587142,3.219169890666666,16800.168214066667
IMFVPLAC_4.0,0.0013581531820818782,3.6473433572222222,5877.4689583888885
_STATE_54.0,0.001303864293731749,3.8407649264285717,1573.8885641178572
DELAYME1_3.0,0.0013025334337726235,3.303999601875,10090.44115275
RCSRLTN2_4.0,0.0012886245967820287,1.5157455203333334,16332.992318333336
_STATE_47.0,0.001283561927266419,1.94017554825,8864.393760545001
WKDAYOUT_4.0,0.0012654203455895185,3.90608069275,9750.5033265
LCSCTSCN_1.0,0.0012450863141566515,3.4780598298181817,7097.533735250909
LENGEXAM_2.0,0.0011915188515558839,4.472709887857143,4454.636321285714
_STATE_34.0,0.0011821656953543425,2.1687504345,13597.983335
CSRVINST,0.0011691070394590497,1.5872485657,6366.78513215
RCSRLTN2_6.0,0.001162203960120678,3.0814025262500007,5486.3536225
LENGEXAM_4.0,0.0011621442390605807,2.041243317636364,14355.719904545454
RSNMRJN1_1.0,0.001153601799160242,3.2349505279999997,6090.106823200001
SEATBELT_8.0,0.0011408604914322495,2.6985035477,8656.5977799
WKDAYOUT_2.0,0.0011223158799111843,3.647228241428571,3653.3012805428566
LSTCOVRG_4.0,0.0011198136489838362,3.2466355675000003,12014.695303938
LENGEXAM_5.0,0.0010633488418534398,3.452971954555556,4743.5128925555555
CNCRTYP1_1.0,0.0010572150349617004,2.9192750485333336,10796.716161987777
HPVADVC2_1.0,0.0010465242667123675,2.696840465,14728.1862275
_CRACE1_5.0,0.0010134426411241293,4.493075542000001,15483.516132625
CNCRTYP1_22.0,0.0009694216423667967,2.59105382,8683.059610498
CNCRDIFF_2.0,0.0009648689883761108,3.5127968476000007,8700.00493248
_CRACE1_4.0,0.0009604673832654953,2.3425368234285715,12420.362639999998
WKENDOUT_7.0,0.000930799578782171,2.0586358452499995,9465.625548765
LENGEXAM_3.0,0.0009198439074680209,2.296700432,11092.668351999999
WKENDOUT_6.0,0.0008946910384111106,3.548830357142857,7546.784865828571
CNCRTYP1_21.0,0.0008849113364703953,3.296661982571429,11602.024326671428
USEMRJN2_2.0,0.0008635814301669598,2.528584456,9700.81231
CSRVINSR,0.0008527180179953575,3.3980694906,8198.656485626
HLTHCVR1_6.0,0.0008458675583824515,5.55619610142857,12870.914325714286
EDUCA_1.0,0.0008400746737606823,3.006072495785713,9161.344205107143
HPVADSHT_3.0,0.0008364557288587093,1.7549689115,14904.1816
WKENDOUT_3.0,0.0008000931702554226,2.5830300929999996,2795.7487775110008
SUNPRTCT_4.0,0.0007819447200745344,3.3474269664999996,9486.98609525
DELAYME1_1.0,0.0007755265105515718,1.5654836398333332,21881.4593
TRNSGNDR_2.0,0.0007691201171837747,2.1828702522857144,11318.811365714286
CSRVPAIN,0.0007145925192162395,1.6418917049999997,12873.38161447857
CSRVTRT2_5.0,0.0007100796792656183,2.7573962044285714,10808.0568962
TRNSGNDR_1.0,0.0007055954192765057,2.719456196111111,10407.217076666666
LSTCOVRG_5.0,0.000660538615193218,1.9697871599999999,10839.389221166666
USEMRJN2_6.0,0.00064232072327286,1.3190973884,25834.322259999997
_BMI5CAT_4.0,0.0006389349000528455,1.888213217826087,4.780424282173913
LSTCOVRG_3.0,0.0006006333860568702,2.199059765,10360.228683333333
RCSRLTN2_3.0,0.0005886325961910188,1.98891013775,13854.40233425
LSTCOVRG_1.0,0.0005704867071472108,1.8767222171666662,13295.071698333333
HLTHCVR1_8.0,0.0005510679329745471,1.792758710875,19912.559915
CNCRDIFF_3.0,0.0005189938237890601,1.796479412,20508.3793
CSRVTRT2_1.0,0.00046208302956074476,3.427637146,8058.339483074002
DELAYME1_4.0,0.0004541733942460269,1.6540063619999998,16758.289398
CNCRTYP1_30.0,0.00045239870087243617,1.109957338,21959.8286
WKDAYOUT_6.0,0.000421360571635887,3.5096594105,9327.285885000001
CDSOCIAL_4.0,0.00039729615673422813,1.6322442607499998,25776.537374999996
SUNPRTCT_6.0,0.00038014177698642015,1.1863829972,17110.753781999996
LSTCOVRG_2.0,0.0003700097731780261,1.4433313315,14284.70384
CSRVDOC1_1.0,0.00036183884367346764,1.522202312,27050.87043333333
LASTSMK2_8.0,0.00033475467353127897,2.572332297,8670.17739
CNCRDIFF_1.0,0.0003282026736997068,2.10506058,1017.1798866333332
CDASSIST_5.0,0.0003242946695536375,2.4034791,17923.2832
PCPSADE1_3.0,0.0003087503428105265,4.03620746675,12398.257875250001
CSRVDOC1_9.0,0.0002898983657360077,1.5291717843333335,30009.419933333334
CDHOUSE_5.0,0.0002881699474528432,3.731871098,15934.748309999999
TRNSGNDR_3.0,0.00028201527311466634,2.3404304525,17040.246075
CNCRTYP1_19.0,0.0002768171834759414,0.9970015096666667,12131.471149433331
CNCRTYP1_24.0,0.0002727897954173386,1.338416877,24301.0586
HPVADSHT_2.0,0.0002476235677022487,1.15617013,29274.3145
CSRVDEIN,0.00024344699340872467,2.74916724,4690.30824185
CDHOUSE_3.0,0.00024217762984335423,1.4011475725,17977.946775
CSRVDOC1_5.0,0.00022687020828016102,2.4403947491666664,424.69318152666665
HPVADSHT_1.0,0.00021488856873475015,0.726644337,25822.4629
CDSOCIAL_3.0,0.00021309468138497323,1.7299878,22878.375
_BMI5CAT_1.0,0.00021299696527421474,4.68946457,57.0123596
IMFVPLAC_7.0,0.00020636609406210482,1.7185752401999999,12912.632765999999
CNCRTYP1_10.0,0.0001982011744985357,1.1556937493333332,16905.924133333334
CNCRTYP1_17.0,0.00019773667736444622,1.7017990136666665,20991.237633333334
CSRVDOC1_10.0,0.00018904382886830717,3.60858166,7402.0459
CDDISCUS,0.00018692358571570367,2.8259730933333334,12403.90222089
PCPSADE1_4.0,0.00017969276814255863,1.911269665,27778.28905
CDASSIST_4.0,0.0001773276599124074,1.8451386099999998,19893.54295
CSRVTRT2_3.0,0.0001765392516972497,2.8210802365,28606.309549999998
CNCRTYP1_3.0,0.0001578886731294915,1.4688744855,16758.776400000002
CNCRTYP1_25.0,0.0001350689126411453,0.8376519190000001,25591.8392
USEMRJN2_5.0,0.0001339282316621393,1.3159525685,20912.89695
IMFVPLAC_10.0,0.0001284904865315184,1.5862215636,11423.150088
CSRVTRT2_4.0,0.00012474341201595962,2.206854680333333,8465.990563333333
CSRVDOC1_4.0,0.00012458827404771,1.0732432003333334,28873.0827
CDHOUSE_2.0,0.00012130496179452166,1.3931907725,27653.44535
CSRVCTL1_2.0,0.0001173322307295166,1.00631189,29169.4434
CNCRTYP1_2.0,0.00011057089432142675,1.28361523,21772.5625
CNCRTYP1_8.0,0.00010450145782670006,1.13371873,20171.4238
CDHOUSE_4.0,0.00010288384510204196,1.42779243,18981.416
CDSOCIAL_1.0,9.563571074977517e-05,2.5912416,28834.5293
USEMRJN2_3.0,8.712358248885721e-05,2.777384123333333,16955.158833333335
CSRVDOC1_3.0,7.652837666682899e-05,1.97811353,22871.6445
CNCRTYP1_4.0,7.460270717274398e-05,1.97654808,23775.3906
CNCRTYP1_16.0,7.396278670057654e-05,0.8663396520000001,27944.095699999998
CNCRTYP1_27.0,7.10799649823457e-05,1.833640875,29924.6621
CSRVDOC1_7.0,6.794775981688872e-05,2.33752942,29853.1133
SUNPRTCT_8.0,6.750776810804382e-05,0.908697784,21002.9082
CNCRTYP1_26.0,6.26194232609123e-05,1.1548059,29050.8398
CSRVTRT2_2.0,6.018887143000029e-05,1.55196786,3.7598544350000003
PCPSADE1_1.0,5.1732826250372455e-05,1.97217524,15019.9551
PCPSADE1_2.0,5.1266775699332356e-05,5.9694376,663.035095
CNCRTYP1_18.0,4.595200516632758e-05,0.855706662,21668.39505
CDASSIST_3.0,3.931965693482198e-05,2.89647198,3719.14697
CDHELP_5.0,3.3149815862998366e-05,1.39195585,28130.2969
CSRVDOC1_8.0,2.9559525501099415e-05,0.914622664,27179.1426
CDSOCIAL_5.0,2.827703792718239e-05,0.119470596,4.60338736
CSRVCTL1_3.0,2.3876153136370704e-05,0.252873927,19415.5684
CNCRTYP1_15.0,2.2157817511470057e-05,0.513772726,24895.9883
CSRVCTL1_4.0,0.0,0.0,0.0
CDHELP_1.0,0.0,0.0,0.0
CDHELP_2.0,0.0,0.0,0.0
CDHELP_3.0,0.0,0.0,0.0
_SMOKER3_3.0,0.0,0.0,0.0
CDASSIST_2.0,0.0,0.0,0.0
_SMOKER3_2.0,0.0,0.0,0.0
_SMOKER3_1.0,0.0,0.0,0.0
CDHELP_4.0,0.0,0.0,0.0
IYEAR_b'2019',0.0,0.0,0.0
CNCRTYP1_14.0,0.0,0.0,0.0
CDASSIST_1.0,0.0,0.0,0.0
CDHOUSE_1.0,0.0,0.0,0.0
CSRVCTL1_1.0,0.0,0.0,0.0
CSRVDOC1_6.0,0.0,0.0,0.0
HAVARTH3,0.0,0.0,0.0
CNCRTYP1_9.0,0.0,0.0,0.0
CNCRTYP1_7.0,0.0,0.0,0.0
CNCRTYP1_6.0,0.0,0.0,0.0
CNCRTYP1_5.0,0.0,0.0,0.0
CNCRTYP1_29.0,0.0,0.0,0.0
CNCRTYP1_28.0,0.0,0.0,0.0
CNCRTYP1_23.0,0.0,0.0,0.0
CNCRTYP1_20.0,0.0,0.0,0.0
CNCRTYP1_13.0,0.0,0.0,0.0
CNCRTYP1_12.0,0.0,0.0,0.0
CNCRTYP1_11.0,0.0,0.0,0.0
HPVADVC2_3.0,0.0,0.0,0.0
CDSOCIAL_2.0,0.0,0.0,0.0
